{
    "EFR32FG25": {
        "inherits": [
            "Target"
        ],
        "extra_labels": [
        ],
        "public": false
    },
    "EFR32FG25B222F1920IM56": {
        "inherits": [
            "EFR32FG25"
        ],
        "mbed_rom_start": "0x08000000",
        "mbed_rom_size": "0x1E0000",
        "mbed_ram_start": "0x24000000",
        "mbed_ram_size": "0x80000",
        "extra_labels_add": [
            "EFR32FG25",
            "EFR32FG25_CORE",
            "EFR32FG25_SL_RAIL"
        ],
        "core": "Cortex-M33F",
        "trustzone": false,
        "macros_add": [
            "EFR32FG25B222F1920IM56",
            "TRANSACTION_QUEUE_SIZE_SPI=4"
        ],
        "supported_toolchains": [
            "GCC_ARM"
        ],
        "release_versions": [
            "5"
        ],
        "device_name": "EFR32FG25B222F1920IM56",
        "public": false,
        "bootloader_supported": true,
        "supported_c_libs": {
            "gcc_arm": [
                "std",
                "small"
            ]
        },
        "supported_application_profiles": [
            "full", "bare-metal"
        ],
        "config": {
            "hf_clock_src": {
                "help": "Value: HFXO for external crystal, HFRCO for internal RC oscillator",
                "value": "HFXO_CLK",
                "macro_name": "CORE_CLOCK_SOURCE"
            },
            "hfxo_clock_freq": {
                "help": "Value: External crystal frequency in hertz",
                "value": "39000000",
                "macro_name": "HFXO_FREQUENCY"
            },
            "lf_clock_src": {
                "help": "Value: LFXO for external crystal, LFRCO for internal RC oscillator, ULFRCO for internal 1KHz RC oscillator",
                "value": "LFXO_CLK",
                "macro_name": "LOW_ENERGY_CLOCK_SOURCE"
            },
            "lfxo_clock_freq": {
                "help": "Value: External crystal frequency in hertz",
                "value": "32768",
                "macro_name": "LFXO_FREQUENCY"
            },
            "hfrco_clock_freq": {
                "help": "Value: Frequency in hertz, must correspond to setting of hfrco_band_select",
                "value": "32000000",
                "macro_name": "HFRCO_FREQUENCY"
            },
            "hfrco_band_select": {
                "help": "Value: One of cmuHFRCOFreq_1M0Hz, cmuHFRCOFreq_2M0Hz, cmuHFRCOFreq_4M0Hz, cmuHFRCOFreq_7M0Hz, cmuHFRCOFreq_13M0Hz, cmuHFRCOFreq_16M0Hz, cmuHFRCOFreq_19M0Hz, cmuHFRCOFreq_26M0Hz, cmuHFRCOFreq_32M0Hz, cmuHFRCOFreq_38M0Hz. Be sure to set hfrco_clock_freq accordingly!",
                "value": "cmuHFRCOFreq_32M0Hz",
                "macro_name": "HFRCO_FREQUENCY_ENUM"
            }
        }
    },
    "BRD4271A": {
        "inherits": [
            "EFR32FG25B222F1920IM56"
        ],
        "device_name": "EFR32FG25B222F1920IM56",
        "device_has": [
            "MPU",
            "LPTICKER",
            "PORTIN",
            "PORTINOUT",
            "PORTOUT",
            "INTERRUPTIN",
            "SERIAL",
            "SERIAL_ASYNCH",
            "STDIO_MESSAGES",
            "SPI",
            "SPI_ASYNCH",
            "USTICKER",
            "802_15_4_PHY",
            "TRNG",
            "SLEEP",
            "WATCHDOG"
        ],
        "forced_reset_timeout": 5
    }
}